fn,calls
muster_007,1
muster_016,2
muster_admin_console,98
muster_admin_console_base,4
muster_admin_create_flag,1
muster_admin_delete_flag,1
muster_admin_flag_registry,57
muster_admin_impersonate_end,1
muster_admin_impersonate_start,3
muster_admin_impersonate_status,73
muster_admin_impersonated_view,1
muster_admin_impersonation_log,73
muster_admin_overview,82
muster_admin_platform_extras,54
muster_admin_run_url,9
muster_admin_set_checkout_url,3
muster_admin_set_flag,1
muster_admin_set_pricing_stage,2
muster_admin_set_pricing_visibility,3
muster_admin_set_self_serve_paused,1
muster_admin_site_jurisdictions,13
muster_admin_sitrep,12
muster_admin_sitreps,35
muster_admin_tenant,1
muster_admin_url_runs,28
muster_admin_website_overview,1
muster_auth_import,3
muster_beta_signup_guard,2
muster_beta_signup_queue_scan,1
muster_beta_signups,21
muster_bulk_import,39
muster_claim_invites,50
muster_clear_llm_config,1
muster_countries,14
muster_engine_agent_call,3
muster_engine_agent_tools,9
muster_engine_beta_export,3
muster_engine_claim,2418
muster_engine_claim_alerts,6883
muster_engine_close_cleared_incidents,4825
muster_engine_cron_health_check,3444
muster_engine_doc_chunk_hashes,12
muster_engine_fail,1
muster_engine_ingest,207
muster_engine_llm_config,9
muster_engine_llm_config_for_website,2
muster_engine_prune_doc_chunks,11
muster_engine_record_email_event,19
muster_engine_record_llm_result,3
muster_engine_report_incident,327
muster_engine_resolve_alert,34
muster_engine_resolve_api_key,4
muster_engine_search_docs,8
muster_engine_secret,15075
muster_engine_sitrep,212
muster_engine_upsert_doc_chunk,71
muster_engine_watchdog_summary,3441
muster_get_secret,98
muster_ghl_webhook_secret,6
muster_jurisdiction_advisory,24
muster_latest_sitrep,2
muster_llm_config,10
muster_my_workspace,39
muster_notify_beta_signup,6
muster_onboarding_status,51
muster_org_scans,1
muster_pending_invites,28
muster_plans,1
muster_public_pricing,750
muster_regions,19
muster_request_scan,2
muster_risk_appetite,28
muster_risks,24
muster_rule_status,3
muster_scan_rule_lifecycle_audit,1
muster_scans,14
muster_set_llm_config,2
muster_set_org_alert_preference,2
muster_set_sitrep_alert_preference,3
muster_set_sitrep_recipients,4
muster_sitrep,1
muster_vault_import,3
muster_website_overview,24
